timestamp,sensor_a,sensor_b,sensor_c,target
2026-01-01 00:00:00,6.150766787412872e-05,1.0149372768754235,-0.008224135660866527,-0.28369867327840886
2026-01-01 00:00:01,0.04863430908149246,0.9500095367503238,0.044579500902309194,-0.14542011010297656
2026-01-01 00:00:02,0.11776140386469716,0.9673440461587629,0.09975507496682957,-0.10879438860286905
2026-01-01 00:00:03,0.217920246103079,0.9498053768890065,0.12549136123246377,-0.013851531623362168
2026-01-01 00:00:04,0.21463212475795584,0.9705957047584906,0.10919205980319549,-0.08741574713132463
2026-01-01 00:00:05,0.25751205624575546,0.9780587038928811,0.16615876031960863,0.010345198291303044
2026-01-01 00:00:06,0.42340940932426324,0.9759955249916037,0.16429108982700835,0.10194335433448756
2026-01-01 00:00:07,0.4770004913341494,0.985732027141407,0.22675143104417184,0.16383531128520362
2026-01-01 00:00:08,0.49190825945599953,0.9335492215628287,0.33421710476027533,0.22040927787264572
2026-01-01 00:00:09,0.5978586176317834,1.011340041920673,0.31114877917681577,0.2867744750452816
2026-01-01 00:00:10,0.6606011043409926,0.9626496698246705,0.31440252548536407,0.349803572687983
2026-01-01 00:00:11,0.7752714491720579,0.8736601999181732,0.3954058369595394,0.48601791999561045
2026-01-01 00:00:12,0.7239018454413713,1.0418188259029524,0.40672322454921533,0.3729872080897511
2026-01-01 00:00:13,0.8044908860873259,0.9606442801367475,0.38802075638925365,0.4986781607984989
2026-01-01 00:00:14,0.8381451188004257,0.9544233720446015,0.4421536723913063,0.5046873415755005
2026-01-01 00:00:15,0.8880424312142174,0.8863949728472459,0.40355386736893795,0.5258366697502116
2026-01-01 00:00:16,0.8808578331159903,0.8875074629676692,0.4228521357069408,0.5982211319456762
2026-01-01 00:00:17,0.870943955209968,0.8446095991840825,0.4069094259740887,0.5014995457153577
2026-01-01 00:00:18,0.9364800897190666,0.8657799645776594,0.4123817616877513,0.6247258933511549
2026-01-01 00:00:19,0.9609021161965068,0.8378074278318794,0.3500374786603985,0.648900497857429
2026-01-01 00:00:20,0.9685018292434806,0.8259451939969997,0.34689251433665813,0.606598874353256
2026-01-01 00:00:21,0.9876307752057684,0.7696322577521254,0.31088363471401204,0.6099794954023786
2026-01-01 00:00:22,1.0583061889428793,0.8415227440117031,0.28185003824948557,0.6632250922549042
2026-01-01 00:00:23,0.9804112651461493,0.8443470850136787,0.2505166915156101,0.5929092615805412
2026-01-01 00:00:24,0.925178386593647,0.7913009427244766,0.16526194943926142,0.45484454636194027
2026-01-01 00:00:25,0.9617700502869477,0.7105649663207667,0.18358288504617717,0.636373646433724
2026-01-01 00:00:26,0.9176960366582363,0.7053418309828319,0.1455276502203531,0.5390532267455692
2026-01-01 00:00:27,0.9278579776275789,0.7066189419624326,0.11954532162625651,0.5362612066102166
2026-01-01 00:00:28,0.8576136352219973,0.6927476434163733,0.05750660868379111,0.4185107386133479
2026-01-01 00:00:29,0.8902712273207851,0.6330314348782691,0.04293919433659244,0.48789005551777137
2026-01-01 00:00:30,0.8452524300837029,0.6250486490324538,-0.032609917055707725,0.36243818319098375
2026-01-01 00:00:31,0.7434366592003713,0.6508785335220434,-0.13540426718151594,0.32892257683157755
2026-01-01 00:00:32,0.6678422024629627,0.6481934610921928,-0.13858725261928195,0.27337600793358674
2026-01-01 00:00:33,0.7129834269786988,0.5106365650009941,,0.3682306877055228
2026-01-01 00:00:34,0.6508317292065854,0.550424732954487,-0.19700994848094835,0.20991747813024622
2026-01-01 00:00:35,0.6534014820918024,0.5131577092816304,-0.2301602398776878,0.21322862209668758
2026-01-01 00:00:36,0.5084665274146339,0.4521567744872631,-0.2247010295585058,0.14838433654884525
2026-01-01 00:00:37,0.526611542821009,0.49202875715548766,-0.31402428154374196,0.11021062026826998
2026-01-01 00:00:38,0.38640984123595035,0.46667889252768774,-0.3318667396708537,0.01207281838664782
2026-01-01 00:00:39,0.2794850953892346,0.40047643983895076,-0.294726628872045,-0.04250719122364299
2026-01-01 00:00:40,0.2279247101331822,0.43186302394981924,-0.32192061173761716,-0.12080743266371038
2026-01-01 00:00:41,0.20098770301714414,0.35723330094822364,-0.4325836171542114,-0.09960257870898785
2026-01-01 00:00:42,0.13994781213212498,0.3659298466913037,-0.4135813912394065,-0.14530802478619353
2026-01-01 00:00:43,0.04314165924494852,0.32843863775704196,-0.4310345186242792,-0.2608073882237541
2026-01-01 00:00:44,0.06551210383462384,0.2831806793377357,-0.3912488697896434,-0.1824499581090758
2026-01-01 00:00:45,-0.09468631598655147,0.2558381335111508,-0.37872195089605537,-0.2907847630628132
2026-01-01 00:00:46,-0.15119540629038264,0.2548179624116307,-0.355394125988339,-0.291283596162517
2026-01-01 00:00:47,-0.19475491847792678,0.19779192383585376,-0.4207327183983468,-0.32558361330079183
2026-01-01 00:00:48,-0.23473349737121177,0.19101422933832196,-0.3472516794737638,-0.327524385667372
2026-01-01 00:00:49,-0.30922400505637077,0.21603631656256436,-0.3572423268904708,-0.36791362395634747
2026-01-01 00:00:50,-0.4790513046677853,0.1848320511060227,-0.3048811222877714,-0.4772878015533288
2026-01-01 00:00:51,-0.3865844333997367,0.18763122221611467,-0.32651317367299604,-0.49878232581107845
2026-01-01 00:00:52,-0.5010529266067154,0.034228806608421765,-0.26163816403443774,-0.4387576915804255
2026-01-01 00:00:53,-0.6826861706776304,-0.04901848270038038,-0.21959880867539078,-0.5521336455810035
2026-01-01 00:00:54,-0.6683229259939397,0.029862287389617825,-0.21669731636926165,-0.6073753788090301
2026-01-01 00:00:55,-0.7165563011408704,-0.04921767914402283,-0.20150120639276226,-0.5547150414279103
2026-01-01 00:00:56,-0.7598724267290371,-0.00887309546964812,-0.14144504752234846,-0.6060122076069531
2026-01-01 00:00:57,-0.8514739875623708,-0.10207505864066677,-0.0641915908765161,-0.6196789014741477
2026-01-01 00:00:58,-0.8243502039238921,-0.06925147809532807,0.033216792405235784,-0.5882292276368024
2026-01-01 00:00:59,-0.8340952065306504,-0.11913958692043301,0.014872685229577503,-0.5916285884067144
2026-01-01 00:01:00,-0.9333566349470155,-0.10583764224527308,0.05547544417047119,-0.602268425121066
2026-01-01 00:01:01,-0.9520967443829769,-0.11348460994291251,0.09929723266658251,-0.6643901456901845
2026-01-01 00:01:02,-0.9945970633305571,-0.2977287632349058,0.04324368208112647,-0.6203917411833824
2026-01-01 00:01:03,-0.9108521251599608,-0.22484609938655747,0.1448412582900977,-0.5516694554953667
2026-01-01 00:01:04,-0.9335508595833351,-0.24704846685438686,0.21862384896783485,-0.5058777990727454
2026-01-01 00:01:05,-0.9956636224709888,-0.24217912720725532,0.2684363347965437,-0.522574079008526
2026-01-01 00:01:06,-1.0521416190802941,-0.2841830275771903,0.2631188703429386,-0.5273904580477186
2026-01-01 00:01:07,-1.0608654451625137,-0.34365574037754276,0.311959471091173,-0.5716474546022287
2026-01-01 00:01:08,-0.9034428566539561,-0.290515679527714,0.32322636930170817,-0.40733889708822174
2026-01-01 00:01:09,-0.957789635506237,-0.5206785734761301,0.36573302665136653,-0.3958302132197841
2026-01-01 00:01:10,-0.954763406989412,-0.46999058253850134,0.36711957932328343,-0.4093366704301185
2026-01-01 00:01:11,-0.8768300084652223,-0.42523203117157393,0.38770922037723,-0.30652021004454183
2026-01-01 00:01:12,-0.9365328832928553,-0.4868706933481393,0.3416007027580823,-0.3501418884762226
2026-01-01 00:01:13,-0.8284550227589895,-0.4466210453976566,0.4198550317326581,-0.29701678425890565
2026-01-01 00:01:14,-0.8293274354613273,-0.5297260630247691,0.39277977554207144,-0.28935667049849734
2026-01-01 00:01:15,-0.723656236068547,-0.5135815095696942,0.39165900432806555,-0.23888214763763493
2026-01-01 00:01:16,-0.7860674042577461,-0.48502892396196473,0.3986265472635615,-0.26751281633518686
2026-01-01 00:01:17,-0.722849417678028,-0.6439537878403722,0.36703583737163925,-0.17198206943176483
2026-01-01 00:01:18,-0.6727918682794053,-0.6227198127448202,0.3437940127813229,-0.17446891845690435
2026-01-01 00:01:19,-0.6771091723493363,-0.6454851339849275,0.30215764735069484,-0.16520452723114742
2026-01-01 00:01:20,-0.5772352222143993,-0.6267031284603094,0.3471278145576579,-0.11794563545038772
2026-01-01 00:01:21,-0.5072834329767815,-0.6672889913922587,0.2714824187695681,-0.10949167814804645
2026-01-01 00:01:22,-0.3902242991114717,-0.5968374385158387,0.2308343031115894,-0.03770021438637462
2026-01-01 00:01:23,-0.3994748951448394,-0.7018420139885334,0.16546659440627712,-0.0711932160722879
2026-01-01 00:01:24,-0.21543213460673638,-0.782666368510978,0.1972881211766428,0.1695100864871704
2026-01-01 00:01:25,-0.1972113962959222,-0.7287195112617273,0.1834958641776081,0.11162839401735804
2026-01-01 00:01:26,-0.16951835053312828,-0.8424285820347935,0.08482773515028676,0.1702497205231725
2026-01-01 00:01:27,-0.02086532393287585,-0.8396171184007878,0.01560494119516857,0.1864153924450224
2026-01-01 00:01:28,0.017142379963688722,-0.8198767502026825,0.004916234881770932,0.2278375288193245
2026-01-01 00:01:29,0.05895146789389645,-0.8280576363189226,-0.038085796070834704,0.23052702707112901
2026-01-01 00:01:30,0.1700505315771784,-0.7482686311702138,-0.06878271159642671,0.28026376165026423
2026-01-01 00:01:31,0.13081405691971976,-0.8374908990681872,-0.1862080298019257,0.18418833010539667
2026-01-01 00:01:32,0.32700036607842364,-0.8359538804550978,-0.17210586775332373,0.31774604608277507
2026-01-01 00:01:33,0.333399660520514,-0.9188682405960804,-0.18638026773548683,0.45627663139201113
2026-01-01 00:01:34,0.42871730660172364,-0.9368402285331608,-0.27612319451754197,0.42218006552443177
2026-01-01 00:01:35,0.4728037308862882,-0.9676610684979726,-0.27027313773355804,0.43024121801214577
2026-01-01 00:01:36,0.5985650428888979,-0.868420142539252,-0.27083871167331386,0.5135435668694601
2026-01-01 00:01:37,0.6272329713702558,-0.9388714736751568,-0.341183703768625,0.5271330971562562
2026-01-01 00:01:38,0.5920008350670816,-1.0144155254634144,-0.3280488602623867,0.5310478596902702
2026-01-01 00:01:39,0.7199369492631649,-0.9013220547284583,-0.4221956843573226,0.536884202208924
2026-01-01 00:01:40,0.7663951575659738,-0.9402114618887114,-0.3955916479228122,0.64416819358017
2026-01-01 00:01:41,0.8127970631158253,-1.0281104651041029,,0.6814005401868887
2026-01-01 00:01:42,0.8660262781977551,-1.0692298827291753,-0.3586710901205668,0.7479982403053121
2026-01-01 00:01:43,0.9462608948878145,-0.9995020535342468,-0.4085489860144849,0.7150448328566983
2026-01-01 00:01:44,1.0377159986033617,-0.9943297051071397,-0.3480433932305573,0.8163474944652968
2026-01-01 00:01:45,0.9461920363913939,-1.0735601209289494,-0.39860921346750766,0.8007934175712109
2026-01-01 00:01:46,0.8977595629031724,-0.9400085199524763,-0.36402010789011857,0.6865072531147646
2026-01-01 00:01:47,0.9527160215462336,-1.0193895185264241,-0.35834603014231664,0.76232586367875
2026-01-01 00:01:48,0.9488939877054083,-1.0136685953074058,-0.3662976549458722,0.732438081062996
2026-01-01 00:01:49,0.9952618652988005,-0.9554834774222074,-0.356155010276138,0.7931974154981757
2026-01-01 00:01:50,0.9674971935981362,-1.0488564723902873,-0.2558952146629888,0.8215589770783515
2026-01-01 00:01:51,1.0721345549376433,-1.0385469102273648,-0.2378993736252653,0.9081526763663692
2026-01-01 00:01:52,0.9516571561670636,-0.9689110236658655,-0.2192786443924182,0.838772624897853
2026-01-01 00:01:53,0.9740868467308909,-1.0505105432598936,-0.18036447912889944,0.8739012919605215
2026-01-01 00:01:54,1.0064879680359307,-1.0386449502863109,-0.13912211920576037,0.8568976056075239
2026-01-01 00:01:55,0.9683643137694861,-1.0437065903798357,-0.15119082485849217,0.8765288322619601
2026-01-01 00:01:56,0.9635263416537819,-1.0613479225241629,-0.08758646637029893,0.8824725865089701
2026-01-01 00:01:57,0.8195877759941302,-0.9608431847245715,-0.0364816341569357,0.7776841436204537
2026-01-01 00:01:58,0.8685805857132181,-1.0114795204914242,0.04354819234710182,0.849154011904488
2026-01-01 00:01:59,0.7378801869127258,-1.058570657039007,0.12887573745980546,0.823101319118652
2026-01-01 00:02:00,0.7656833958370591,-0.9606559023378007,0.11947570738385159,0.8254232300051633
2026-01-01 00:02:01,0.8000545083898256,-1.0025721024328298,0.10827500769812098,0.823632394505803
2026-01-01 00:02:02,0.5854715425135256,-0.9040240480071078,0.2181546111097808,0.6942584698506474
2026-01-01 00:02:03,0.5269223686007517,-0.9490899462480005,0.2716017020506699,0.6301717428688449
2026-01-01 00:02:04,0.5639708714688563,-0.9743556038348186,0.2947674537365602,0.7239377742552255
2026-01-01 00:02:05,0.46182222447769067,-0.9843480935327469,0.2649045303060217,0.7168995675313623
2026-01-01 00:02:06,0.45314741953625953,-0.9168418239416808,0.29540859951452064,0.6077628753712556
2026-01-01 00:02:07,0.3263593675469505,-0.885295858907844,0.3425963272625149,0.5840002950755472
2026-01-01 00:02:08,0.22211066875551783,-0.8733352904268498,0.36360391924506164,0.5579697195676949
2026-01-01 00:02:09,0.3022779795673608,-0.8624317739864359,0.3572377657246303,0.5681481715907548
2026-01-01 00:02:10,0.10823482590986283,-0.8775663528720029,0.38956958716629575,0.4196846682868536
2026-01-01 00:02:11,0.09788888676559031,-0.8298167483835213,0.4054434859820636,0.43266560114549885
2026-01-01 00:02:12,-0.04015618106642438,-0.8555221435670718,0.39287524420865205,0.3264584967058974
2026-01-01 00:02:13,-0.06345605380133051,-0.7911892970742985,0.3565872380154232,0.2980266207966631
2026-01-01 00:02:14,-0.21326854198558576,-0.8039894955202281,0.3815304736803704,0.14206338562495585
2026-01-01 00:02:15,-0.21177932795587998,-0.7471832364195173,0.37404809697686214,0.17544000015236041
2026-01-01 00:02:16,-0.3041606813070207,-0.7845101008229104,0.3547813696062488,0.1085492420278668
2026-01-01 00:02:17,-0.3485661126343712,-0.7762401385548598,0.34986199251780414,0.0943051196061069
2026-01-01 00:02:18,-0.4260973861160791,-0.717759304671761,0.33535503101940634,-0.03462438290936849
2026-01-01 00:02:19,-0.45972849534664556,-0.6628449590505852,0.2996206417150909,-0.024751072520988984
2026-01-01 00:02:20,-0.5767033312190123,-0.6666166237786837,0.2792268859993372,-0.11242824418640948
2026-01-01 00:02:21,-0.5921809832489808,-0.7074728712912475,0.24226437246776544,-0.10566859170457532
2026-01-01 00:02:22,-0.6074557998831075,-0.5976605099655691,0.1428166518240663,-0.1904009272703158
2026-01-01 00:02:23,-0.7173694528242717,-0.7130805498407424,0.16210864139041506,-0.3038101764530246
2026-01-01 00:02:24,-0.8232751530902704,-0.5948239612334113,0.1484861839045662,-0.3793175039183618
2026-01-01 00:02:25,-0.7894819339728977,-0.4518394449814397,0.1163802856695571,-0.39622598074266646
2026-01-01 00:02:26,-0.8555905958518897,-0.5780030372145383,0.005190313554671734,-0.43957578194243635
2026-01-01 00:02:27,-0.8599092218811878,-0.48474890978200147,0.013034308639381442,-0.4987065448065739
2026-01-01 00:02:28,-0.9141944654726869,-0.42859980205584486,-0.041926376331579474,-0.5174283525775787
2026-01-01 00:02:29,-0.918586523059257,-0.4551535111891527,-0.09054418038032927,-0.5955177163878466
2026-01-01 00:02:30,-1.042671502604104,-0.3848123254982482,-0.14386032126211454,-0.6819588101606463
2026-01-01 00:02:31,-1.062944307332004,-0.4059263364947852,-0.1993670807394072,-0.7482526267465693
2026-01-01 00:02:32,-1.1031844113618559,-0.3779225857837745,-0.19153741647810515,-0.7429334764426854
2026-01-01 00:02:33,-1.027803478574388,-0.3351361668065378,-0.23033232665738246,-0.8106238598430159
2026-01-01 00:02:34,-1.0062170338910355,-0.2801728626193475,-0.26425027819062397,-0.6889869131348366
2026-01-01 00:02:35,-0.9403721590506532,-0.2643943630864836,-0.30406738802898015,-0.6901805153355902
2026-01-01 00:02:36,-1.016139822219656,-0.2544929681663792,-0.3107609004045919,-0.7132556372271486
2026-01-01 00:02:37,-0.9841412092000225,-0.2271585654687828,-0.352939270898703,-0.7329888026120596
2026-01-01 00:02:38,-0.9597194985192378,-0.12334209721642747,-0.4047229863027992,-0.8084384080525892
2026-01-01 00:02:39,-0.9452513637482073,-0.12939563053738762,-0.35688602627893007,-0.8173647882445171
2026-01-01 00:02:40,-0.9534681297090082,-0.12365143851420884,-0.4160725959511031,-0.848616702817624
2026-01-01 00:02:41,-0.8235281760872546,-0.08745402272737159,-0.3850392636378645,-0.722885294527764
2026-01-01 00:02:42,-0.7872804843606357,-0.09571744438315116,-0.36587878350407554,-0.700868445886566
2026-01-01 00:02:43,-0.8404320092571252,-0.04498486390394421,-0.41420569906571425,-0.7224749381692224
2026-01-01 00:02:44,-0.7396503830109455,-0.07282009232701141,-0.3808049374133905,-0.6624105506368863
2026-01-01 00:02:45,-0.6579542191522146,-0.029730916395166947,-0.3816288940864356,-0.5694496747810427
2026-01-01 00:02:46,-0.5393182677680332,0.1304138819247906,-0.3477941532714886,-0.5426782780153696
2026-01-01 00:02:47,-0.5187557996474317,0.05278355792107696,-0.3562079907297582,-0.5153018776022857
2026-01-01 00:02:48,-0.5139970789738284,0.04604150254853486,-0.349781832953645,-0.5543229495368946
2026-01-01 00:02:49,-0.44170918585695784,0.07800241994730756,-0.2746675803461615,-0.4321873066950268
2026-01-01 00:02:50,-0.3800089976818354,0.12750374499951245,-0.22239654054968083,-0.41354265961066045
2026-01-01 00:02:51,-0.3629412603032535,0.12123799853656642,-0.16761367158006885,-0.3522263473204563
2026-01-01 00:02:52,-0.3139517315913455,0.18290930791441073,-0.17011552840112215,-0.3125241567132431
2026-01-01 00:02:53,-0.28748636935585753,0.17657304052048456,-0.13482917560805885,-0.22334621393941073
2026-01-01 00:02:54,-0.08957955239501733,0.2505797199245267,-0.06073204184821442,-0.08792034830801948
2026-01-01 00:02:55,-0.0780090936899702,0.26534151825834823,-0.0033983124628824066,-0.10747580518873089
2026-01-01 00:02:56,0.03862459326932695,0.2855294018656427,0.0607608390975993,0.031246924508967718
2026-01-01 00:02:57,0.10470936297783787,0.3721795383728759,-0.015026521474438274,-0.006627645293591531
2026-01-01 00:02:58,0.13767089092345133,0.38640898532642326,0.10849648380260973,0.03292721779260574
2026-01-01 00:02:59,0.13306497666394285,0.4095583766416887,0.10700309021710991,0.023651302809451595
2026-01-01 00:03:00,0.25646664447937456,0.40021758761959214,0.09969861295193355,0.15586011322838308
2026-01-01 00:03:01,0.3670004186249858,0.4986572886543825,0.26618112335573096,0.2393862138930693
2026-01-01 00:03:02,0.3300452240346121,0.42382232878139786,0.20600881346093913,0.1924233607189047
2026-01-01 00:03:03,0.4878405609624206,0.3934542171694916,0.28514241083432856,0.3118711031164766
2026-01-01 00:03:04,0.5599499357630573,0.5127330508447907,0.29495905025826147,0.3795740207480076
2026-01-01 00:03:05,0.5765364356676452,0.5118050656740951,0.27989445805913854,0.3866932023270034
2026-01-01 00:03:06,0.7511677838819707,0.6652316519627164,0.39225187193303257,0.5375843325254602
2026-01-01 00:03:07,0.6770725938126835,0.6616605209321417,0.36908990871802116,0.45410538363015923
2026-01-01 00:03:08,0.7447152634607017,0.6169559486616096,0.3716414186601709,0.513204799639964
2026-01-01 00:03:09,0.7495544711152577,0.6160096907056087,0.4626267387245426,0.5536485817552368
2026-01-01 00:03:10,0.8322600071610352,0.683128530741475,0.42044483524603016,0.5465647406506057
2026-01-01 00:03:11,0.8699384287257005,0.7237046597520832,0.40770916107333677,0.5947730209043574
2026-01-01 00:03:12,0.9896111850082236,0.6646300196133118,0.3979262414621895,0.6701390612296523
2026-01-01 00:03:13,1.0133890209754368,0.6210832469984682,0.3666342529973955,0.6848804951513092
2026-01-01 00:03:14,0.9942257634380874,0.7685610155398729,0.4154536161918056,0.6227782417282954
2026-01-01 00:03:15,1.0158464797614235,0.742551613478042,0.33620366685666686,0.6761231552073284
2026-01-01 00:03:16,0.9446003765580879,0.6717202137445341,0.32355570074674334,0.5777793649039682
2026-01-01 00:03:17,0.9653942203593673,0.8118608165806084,0.3186739668995338,0.6478873203355755
2026-01-01 00:03:18,0.9900010734987964,0.7336861647770138,0.2577353852816575,0.5850918376287788
2026-01-01 00:03:19,0.936136562968571,0.8485293025218237,0.228949628073483,0.47542193517632675
2026-01-01 00:03:20,1.0238332568756534,0.8369229518210881,0.2240522911952388,0.6002451046767804
2026-01-01 00:03:21,1.0074854415996832,0.8594408514441798,0.2130270255469381,0.5883398901768253
2026-01-01 00:03:22,0.9774446954034818,0.8923789088515456,0.09281779805889487,0.49330460623899725
2026-01-01 00:03:23,0.9219292310472081,0.8958968529993436,0.054766424682944355,0.4923062616631748
2026-01-01 00:03:24,0.9124003849531084,0.8378647699813343,0.0021753948007746243,0.421645616080532
2026-01-01 00:03:25,0.8703565706300239,0.8746938099052923,0.013507266914981574,0.3767437807134995
2026-01-01 00:03:26,0.8656210696753754,0.8858157872341083,-0.03323252340217487,0.4005529678042299
2026-01-01 00:03:27,0.925545529758772,0.8823425456096402,-0.08846623381224372,0.3667146699698348
2026-01-01 00:03:28,0.7910380256391514,0.8852402109153128,,0.27926435518602855
2026-01-01 00:03:29,0.6539130125760518,0.903929941125406,-0.17066527393878367,0.10047730673625047
2026-01-01 00:03:30,0.5780139293034501,0.9395185822607073,-0.19042288589394385,0.08798815101105288
2026-01-01 00:03:31,0.5057139213066714,0.9445713063120947,-0.20715500682880517,0.05167088096486387
2026-01-01 00:03:32,0.5315680519623269,0.9301925064654145,-0.24575948590463995,0.023877845959120788
2026-01-01 00:03:33,0.4154051047067794,0.9404565619005408,-0.25179776320563124,-0.038444271316591394
2026-01-01 00:03:34,0.46777529357664643,0.9618035239454983,-0.2942696998796357,-0.04876117674311864
2026-01-01 00:03:35,0.33579699504416594,1.1144876628204927,-0.3228681353112472,-0.1877463845585367
2026-01-01 00:03:36,0.2715301694688648,1.0100728839006565,-0.3290704867578749,-0.20874928980021326
2026-01-01 00:03:37,0.11940152770757263,0.9825600063669021,-0.3802338202700287,-0.310866321242379
2026-01-01 00:03:38,0.20194539154476876,1.0143433866915705,-0.36725299585818916,-0.29215868175257426
2026-01-01 00:03:39,0.10845521387152605,1.104471906145745,-0.3749067734315135,-0.3425553646007519
2026-01-01 00:03:40,0.001377005205092166,1.08935391408679,-0.4277974566390891,-0.4458266282723901
2026-01-01 00:03:41,-0.054662324782064536,1.0367164767093267,-0.41040256988854557,-0.452384132638378
2026-01-01 00:03:42,-0.16252295786359863,1.0042437208734551,-0.39398991708454656,-0.556670777892368
2026-01-01 00:03:43,-0.21987876433856962,1.0399666650798214,-0.4073090865919342,-0.5840631884069728
2026-01-01 00:03:44,-0.25466431344220786,0.9396916634208339,-0.3567521946774048,-0.587692707704319
2026-01-01 00:03:45,-0.2987837531520253,1.1050911095871208,-0.2813422016565168,-0.6045337055989988
2026-01-01 00:03:46,-0.38430420089021133,0.990957389279358,-0.3148028195147044,-0.5962407039207342
2026-01-01 00:03:47,-0.5509233670168198,1.0323257436569049,-0.29154592995713957,-0.7180899461907316
2026-01-01 00:03:48,-0.536779694362755,0.9397813377385449,-0.2506463152923043,-0.6888706337545959
2026-01-01 00:03:49,-0.6027449026852753,0.9908762045898053,-0.24052473996354984,-0.8298668960379161
2026-01-01 00:03:50,-0.6148405894550387,0.9937027259328008,-0.18376409252407694,-0.7502674142450484
2026-01-01 00:03:51,-0.6599705539013861,0.9273772556847012,-0.17058192387440144,-0.7677129672867857
2026-01-01 00:03:52,-0.7006440425648736,0.8715891522724565,-0.07309421069759847,-0.7567633877687304
2026-01-01 00:03:53,-0.8595732295323502,0.9938920288694367,-0.06997067341889135,-0.9171695681891084
2026-01-01 00:03:54,-0.8628068291951917,0.9666258405400405,0.01125252591565322,-0.8539331906630145
2026-01-01 00:03:55,-0.8605795302703723,0.9442107034625064,-0.0010131316685000023,-0.8282125174672939
2026-01-01 00:03:56,-0.9140224013464613,0.8693969166802149,0.04618641812549871,-0.8366793084063607
2026-01-01 00:03:57,-0.9378155001019086,0.8548837643493479,0.09009867411874696,-0.8007522043609641
2026-01-01 00:03:58,-0.9507061351207077,0.9136522086792389,0.17967800856698996,-0.8043708755383226
2026-01-01 00:03:59,-0.8650394895383517,0.8136618531373006,0.20697478293211902,-0.7356975119792566
2026-01-01 00:04:00,-0.8979903032677576,0.9247807730091503,0.16109973939215477,-0.8244144970582122
2026-01-01 00:04:01,-0.9647066337157706,0.863398368919585,0.2763066274488552,-0.7827475446965938
2026-01-01 00:04:02,-0.9772197750060555,0.840029791935619,0.2834417559816411,-0.7498655290446383
2026-01-01 00:04:03,-1.1099044670523626,0.8218830680107087,0.28304703236443707,-0.8404247467544744
2026-01-01 00:04:04,-1.0002334008773741,0.7279236884138387,0.34997446034484714,-0.7694945235150557
2026-01-01 00:04:05,-1.0212644003459272,0.67553753654565,0.35875987000104353,-0.725360810727419
2026-01-01 00:04:06,-0.9063259642977957,0.7277396750822845,0.4076767983025139,-0.6527535452039784
2026-01-01 00:04:07,-0.9391099343499558,0.7438282121837796,0.4203580002003894,-0.685433840644516
2026-01-01 00:04:08,-0.9188362856484494,0.686848734916725,0.3989975907830705,-0.682310793658022
2026-01-01 00:04:09,-0.8228268060499527,0.654042845119556,0.41374864867951033,-0.5987541932097695
2026-01-01 00:04:10,-0.8194073696038977,0.6722657807071863,0.3860297146812287,-0.5266130350371192
2026-01-01 00:04:11,-0.7776456620025923,0.719622610519973,0.42162717162682556,-0.5754749915927596
2026-01-01 00:04:12,-0.7700965875545709,0.6301564179001161,0.3843855473169638,-0.5413686625836751
2026-01-01 00:04:13,-0.7162571424026462,0.49500606737066966,0.36109743685710755,-0.5472361856993594
2026-01-01 00:04:14,-0.6307357248782098,0.5257276969741849,0.3274891099485866,-0.44853040154775786
2026-01-01 00:04:15,-0.579761411595454,0.46657220937803984,0.2735827801818301,-0.4450249045335901
2026-01-01 00:04:16,-0.6365234920496675,0.4655326750701432,0.34711727456022007,-0.45480028087312646
2026-01-01 00:04:17,-0.4401833831680027,0.4205765910641633,0.2782807585794974,-0.31155222691822415
2026-01-01 00:04:18,-0.4116498242252767,0.49248110134836093,0.2888221482459738,-0.2899051025013962
2026-01-01 00:04:19,-0.33626267089980777,0.3898789417002746,0.21775478403293602,-0.2531338613581178
2026-01-01 00:04:20,-0.2329550925456307,0.4105091375290505,0.21430327267194016,-0.239462035189552
2026-01-01 00:04:21,-0.2200600413091027,0.4305788039527915,0.11152103733316351,-0.24084350704146817
2026-01-01 00:04:22,-0.1481520851044607,0.291003053995961,0.0841749677163195,-0.06957338078038824
2026-01-01 00:04:23,-0.0065467026112631735,0.2777499482694458,0.012046230226204404,-0.08134352107543752
2026-01-01 00:04:24,0.05780766920498941,0.2650549835290846,-0.02525900567040013,-0.009359496701491474
2026-01-01 00:04:25,0.12216593965406175,0.26011764686291433,-0.08083128547526316,-0.058338112845871835
2026-01-01 00:04:26,0.11492770331744713,0.1397333974686784,-0.06700765961742111,-0.00018794188606181816
2026-01-01 00:04:27,0.24412143683032736,0.316922453539299,-0.09548979103875269,0.0189244308424936
2026-01-01 00:04:28,0.33257648563179765,0.2534629854752423,-0.19274904933227915,0.06373926614837594
2026-01-01 00:04:29,0.35121227956676454,0.0874032533349238,-0.16396122259705498,0.0862523795332675
2026-01-01 00:04:30,0.36712023338767646,0.12576374480868827,-0.2502343743274517,0.1304332026324995
2026-01-01 00:04:31,0.4996422673643298,0.10021532526728888,-0.24186195224347573,0.1637696898517025
2026-01-01 00:04:32,0.5471919540531598,0.046730107273829605,-0.3013749422103501,0.2574246592730028
2026-01-01 00:04:33,0.5599484258948616,0.021907970735874242,-0.3074526016933425,0.2739775528246271
2026-01-01 00:04:34,0.6267789620637779,0.127402018987714,-0.2840359806198307,0.2494065020809731
2026-01-01 00:04:35,0.7277626946395829,0.12228850387843447,-0.34782346674490566,0.34636417786751356
2026-01-01 00:04:36,0.7505171269171252,-0.05878704071032501,-0.39148622213469325,0.36694237779344746
2026-01-01 00:04:37,0.8425318140694166,-0.08017521946791295,-0.4076989948468621,0.4106716561719525
2026-01-01 00:04:38,0.8430664724753847,-0.13346463627960212,-0.40471666235831844,0.49288049144098833
2026-01-01 00:04:39,0.8997896044072654,-0.09194085261022197,-0.3888617874370383,0.4990684931685707
2026-01-01 00:04:40,0.9065788391940461,-0.16089034460369686,-0.3724391393721526,0.49332492355924795
2026-01-01 00:04:41,1.0067773667985969,-0.17200027967544015,-0.4088092551223281,0.5695461422577464
2026-01-01 00:04:42,0.927895144210126,-0.19375621717238775,-0.394588249523957,0.5743942913941144
2026-01-01 00:04:43,0.9397613667844988,-0.3432903017815641,-0.37740922726978005,0.5324362060876384
2026-01-01 00:04:44,0.9889565504592601,-0.20441650124892694,-0.3143959381160103,0.5774876502388925
2026-01-01 00:04:45,0.9598901874089159,-0.19594283103687532,-0.2987942965317196,0.6015146811117937
2026-01-01 00:04:46,1.0527693507879399,-0.18950502439213016,-0.24043700406367344,0.6923224576672385
2026-01-01 00:04:47,1.0145642030780404,-0.30830087142892537,-0.2654961446596621,0.6493101179664715
2026-01-01 00:04:48,0.9912321156968698,-0.4132513604997582,-0.21390598091316307,0.7144966199472459
2026-01-01 00:04:49,1.0923996121776849,-0.43488057075389175,-0.17823063635381034,0.7971785299837922
2026-01-01 00:04:50,0.9789772087015287,-0.3661088804095982,-0.14980417758237008,0.6922490342573707
2026-01-01 00:04:51,0.8519589401650263,-0.4905307831989965,-0.07795986028689582,0.6891894210552053
2026-01-01 00:04:52,0.8553423079410761,-0.4882717891939102,-0.05099365112314625,0.7155204703562402
2026-01-01 00:04:53,0.8439427613577789,-0.5071849271259149,-0.06377998074101338,0.6575025983683802
2026-01-01 00:04:54,0.9175414214449982,-0.6286956877514278,0.02345570569767793,0.8154111461087544
2026-01-01 00:04:55,0.7767144991831336,-0.583898379889788,0.07418891906571316,0.7192013499818574
2026-01-01 00:04:56,0.7460458129678575,-0.6611343238471526,0.1131588002783941,0.7071257894418994
2026-01-01 00:04:57,0.6736589337111426,-0.5791951650125509,0.17701391561717414,0.7140689311250632
2026-01-01 00:04:58,0.623543875399027,-0.5671569058714756,0.2314053668727958,0.7049312237326878
2026-01-01 00:04:59,0.6618651499135955,-0.6429536459632246,0.2271210031873425,0.7396439410870904
2026-01-01 00:05:00,0.46504171635525793,-0.6469916656685416,0.24991493588510982,0.5761794206940177
2026-01-01 00:05:01,0.3845632806992672,-0.7232472626101728,0.29565491148015616,0.594921671956901
2026-01-01 00:05:02,0.45700610502464917,-0.7034392808663165,0.31763129911006577,0.5978962377673697
2026-01-01 00:05:03,0.36141015068869814,-0.7319338482619807,0.36481878935518086,0.6344486874134352
2026-01-01 00:05:04,0.2717205811030827,-0.813967311228452,0.340173536946773,0.48602122611788157
2026-01-01 00:05:05,0.1441368520450374,-0.6927773850694302,0.387958132562221,0.38366816277649934
2026-01-01 00:05:06,0.16628661757185548,-0.7133447444431149,0.38115004571153377,0.4269171115215845
2026-01-01 00:05:07,0.04566742796148851,-0.7798220065370985,0.4174382432844955,0.4293645036623219
2026-01-01 00:05:08,0.051772601005254416,-0.7518228216503071,0.44082238699630905,0.42036711460878906
2026-01-01 00:05:09,-0.1567391218391706,-0.8340198358437418,0.40652092331041184,0.24990215504744984
2026-01-01 00:05:10,-0.10556425314116304,-0.8611854921936896,0.36191523625136646,0.32949646033332675
2026-01-01 00:05:11,-0.18798985480244304,-0.8472270144590623,0.40560408179558005,0.27433151515134907
2026-01-01 00:05:12,-0.27327250312828305,-0.9953871693311117,0.34131741274019817,0.18038563135170982
2026-01-01 00:05:13,-0.4070879450949602,-0.8761724216150591,0.37698656745375725,0.07032900326258354
2026-01-01 00:05:14,-0.4803480090197034,-0.7975834448203408,0.30339945615263597,-0.05247691038905029
2026-01-01 00:05:15,-0.4752906499795866,-0.8898461328052002,0.2678782702620338,0.02062299355805099
2026-01-01 00:05:16,-0.5726240936682581,-0.9686791549632771,0.2631599166420223,-0.03028004085640394
2026-01-01 00:05:17,-0.6382382593904857,-0.9166486429032288,,-0.044546321294607075
2026-01-01 00:05:18,-0.6971679266411699,-0.8738579244803686,0.18529878113410028,-0.19923641518525534
2026-01-01 00:05:19,-0.6774761557869694,-0.9074837621452987,0.1859877040386936,-0.16310773484502172
2026-01-01 00:05:20,-0.7917596380056724,-0.9874051420400902,0.12267780173032153,-0.2408823442835873
2026-01-01 00:05:21,-0.7361329031031482,-0.9471568134822539,0.09737263124179354,-0.19405164526140406
2026-01-01 00:05:22,-0.8379803769486154,-1.0491215539836982,-0.012383321353047573,-0.3723932899550405
2026-01-01 00:05:23,-0.8025102234587493,-1.023183599719185,0.017113925477190196,-0.2815437289535359
2026-01-01 00:05:24,-0.8276970797664277,-0.935827418230137,-0.0655211895856943,-0.3776404906250409
2026-01-01 00:05:25,-0.9359144119443141,-0.9815831722344044,-0.12026493624741681,-0.4588291187290452
2026-01-01 00:05:26,-0.881624295794207,-1.0790088550965327,-0.13728386095988018,-0.42950692184518646
2026-01-01 00:05:27,-0.9697494083779277,-0.9546535771909322,-0.1857992989192983,-0.49129130353908346
2026-01-01 00:05:28,-1.0706109051461334,-0.9432278031886719,-0.23908631991919557,-0.5905829686790327
2026-01-01 00:05:29,-0.9889596231805728,-1.1289711509913958,-0.27806133833336,-0.5146382327738339
2026-01-01 00:05:30,-0.9222562262649515,-0.9856293905144624,-0.27910666234205855,-0.5531951983825554
2026-01-01 00:05:31,-0.9251710552705658,-0.9091224526981985,-0.3141487823929794,-0.5525913499186417
2026-01-01 00:05:32,-1.0693710484819634,-0.9539779036371483,-0.25849346616942953,-0.5919492522522644
2026-01-01 00:05:33,-0.9118827512756642,-0.9688924900616407,-0.38977383095354823,-0.5119041568283781
2026-01-01 00:05:34,-1.0184733150773009,-1.0035699948439487,-0.36838804771488365,-0.5829067511057772
2026-01-01 00:05:35,-0.912742654956209,-0.9699243322325645,-0.41180764610641013,-0.599842976272583
2026-01-01 00:05:36,-0.9025043285934633,-1.0201975946562716,-0.43594511021932386,-0.5890600695841441
2026-01-01 00:05:37,-0.8975028758070679,-1.0719348251822711,-0.44033440813554303,-0.5854561778956745
2026-01-01 00:05:38,-0.8268493988824649,-0.9527253180856339,-0.33830850630852144,-0.5208625461966969
2026-01-01 00:05:39,-0.8286448389374405,-0.9205182741508148,-0.39906783397334067,-0.5193588904690749
2026-01-01 00:05:40,-0.6638564350480496,-0.9753048263659473,-0.4167901783163951,-0.4270975680647141
2026-01-01 00:05:41,-0.6833587231789499,-0.9345758115036392,-0.4084129085543578,-0.43763420450288754
2026-01-01 00:05:42,-0.6206656845963339,-0.9116526012063119,-0.36750402080777445,-0.334887951183406
2026-01-01 00:05:43,-0.5627648005005963,-1.0195803595407305,-0.33452133578322263,-0.26039503704489014
2026-01-01 00:05:44,-0.5609516806722528,-1.0265237178420392,-0.3068728018770163,-0.23622157296263124
2026-01-01 00:05:45,-0.3915033308656075,-1.017516485606618,-0.18978362463021436,-0.12940074998723458
2026-01-01 00:05:46,-0.3585011710470868,-0.8339265215861918,-0.20541796033311194,-0.12014781908284629
2026-01-01 00:05:47,-0.3981743706410396,-0.8512364762425007,-0.2203966142384194,-0.22975243438658893
2026-01-01 00:05:48,-0.13067784450423664,-0.8333668933348024,-0.1061468829228811,0.04705979478674924
2026-01-01 00:05:49,-0.12937913238957166,-0.7747769619320053,-0.07395940646704877,0.07290889522711709
2026-01-01 00:05:50,-0.192474852284903,-0.8479371694196343,-0.14520259326758306,-0.031889513233662806
2026-01-01 00:05:51,-0.056677310599986486,-0.8727576518459935,-0.041669161915047825,0.15857763823344795
2026-01-01 00:05:52,0.10665209403578563,-0.7417506552810357,0.0047231380458268,0.29825037088871986
2026-01-01 00:05:53,0.04246848665582621,-0.8062626598885371,0.07611151005709181,0.22448839232691953
2026-01-01 00:05:54,0.1384281040521549,-0.8376015477395282,0.09450469496551031,0.39307741042527755
2026-01-01 00:05:55,0.18491818868442828,-0.7417769245465694,0.10519318713596715,0.32247776977291737
2026-01-01 00:05:56,0.22974161081972222,-0.6612302299430621,0.24260307850583837,0.4376592276210737
2026-01-01 00:05:57,0.3232437055653014,-0.6790210703100396,0.19934797350298822,0.4998070013005373
2026-01-01 00:05:58,0.43930115148934723,-0.6799952281602663,0.26284235413666085,0.5652617456279593
2026-01-01 00:05:59,0.4680600158754349,-0.7591910227775123,0.2638088830430831,0.5802933393224706
2026-01-01 00:06:00,0.5420811271788953,-0.6996091428437173,0.309365341597194,0.6917023905675058
2026-01-01 00:06:01,0.5365444015628092,-0.6704584158504802,0.3037791334128001,0.6871021411740598
2026-01-01 00:06:02,0.7480055445637084,-0.5647704131790701,0.3435376239974464,0.8461617257774259
2026-01-01 00:06:03,0.6387393483473385,-0.509436364208541,0.35221534597050197,0.6319539768288314
2026-01-01 00:06:04,0.8950986874338406,-0.48208310371105073,0.35456164270003193,0.8939847736392587
2026-01-01 00:06:05,0.7960582427251776,-0.5319952926941343,0.35021458472723244,0.809880607492047
2026-01-01 00:06:06,0.8702915532436825,-0.501655175469486,0.43535854330322576,0.9111538061820524
2026-01-01 00:06:07,1.0001457988197928,-0.5238416373412256,0.40724921881930487,0.9364726191588792
2026-01-01 00:06:08,0.8513177044888065,-0.3964954517604406,0.3666916643804803,0.8576431770545098
2026-01-01 00:06:09,0.9375143122551403,-0.48963801841609955,0.37550494502418286,0.9134444921528946
2026-01-01 00:06:10,0.9380661017783989,-0.373861935146374,0.3920730962523776,0.8896182226336121
2026-01-01 00:06:11,0.934002502911956,-0.3712213240459123,0.35178054316701207,0.9181677741901454
2026-01-01 00:06:12,1.124050970963958,-0.3166732737394657,0.3319484967790642,0.9936220776948909
2026-01-01 00:06:13,0.9553248025820829,-0.37734154542043774,0.27727840047266356,0.8621140532094714
2026-01-01 00:06:14,0.9785850668095211,-0.2677387731883151,0.2662761236258705,0.8525311980210093
2026-01-01 00:06:15,0.9357116909350811,-0.1953650276852359,0.26112981752221376,0.8619575626614686
2026-01-01 00:06:16,1.0280701730474082,-0.17555392040199802,0.20331936642173998,0.8663801720410883
2026-01-01 00:06:17,1.1100618676904,-0.28345025302503757,0.20849854216966396,0.9822436140597629
2026-01-01 00:06:18,0.977432307289974,-0.15606928466949077,0.1720495047707598,0.7719308831996943
2026-01-01 00:06:19,0.9539584992301857,-0.21062790387984534,0.07184015633720409,0.7302171055976253
2026-01-01 00:06:20,0.8977278547332226,-0.13050093900246845,0.06432392301084087,0.6432370415737485
2026-01-01 00:06:21,0.9737178004264043,-0.05046269990911247,0.030016775706968955,0.6952289338103474
2026-01-01 00:06:22,0.8307024356225938,-0.0531407582788084,-0.022458364942756957,0.5341616753861101
2026-01-01 00:06:23,0.8318607131319384,0.09671964899979255,-0.1343091538945059,0.5349892540336292
2026-01-01 00:06:24,0.7674020578651256,-0.02986413096811398,-0.07681993652862656,0.47751160924375946
2026-01-01 00:06:25,0.7075947812940234,0.07952343058446401,-0.16524820456764477,0.3964583164418453
2026-01-01 00:06:26,0.6523359306948916,0.010153385989477848,-0.14983939159539683,0.36620561514076116
2026-01-01 00:06:27,0.6351839247327469,-0.0028045109086964268,-0.2129512696209967,0.35691538310443716
2026-01-01 00:06:28,0.3984689093417416,0.0897108221892024,-0.2998671210859894,0.12285023717971105
2026-01-01 00:06:29,0.5484850548151163,0.06100374722570657,-0.32998558610648326,0.2811208528277155
2026-01-01 00:06:30,0.4111538499175247,0.22598749591683087,-0.31422284582193655,0.07840974248609263
2026-01-01 00:06:31,0.3355057367779766,0.2381557314744283,-0.3183717670216575,0.04799372202958773
2026-01-01 00:06:32,0.2734129718434906,0.1972198418129932,-0.3844486343036438,0.0478810585969919
2026-01-01 00:06:33,0.20188554492230998,0.17274925476268266,-0.3963283481768105,-0.0379941756928507
2026-01-01 00:06:34,0.16407625089754474,0.251546133195858,-0.41286412830477326,-0.11244134536439922
2026-01-01 00:06:35,-0.026022289746796518,0.21916421391989876,-0.37373650677758435,-0.2372843228581366
2026-01-01 00:06:36,0.007894038939700464,0.37597276705690985,-0.37990434552851865,-0.23979341311830119
2026-01-01 00:06:37,0.02668472730813029,0.37466907303692637,-0.40785197899660486,-0.2155478489484758
2026-01-01 00:06:38,-0.13265941671241005,0.3230680143692902,-0.3870920595513023,-0.3335541451232716
2026-01-01 00:06:39,-0.3248332573719685,0.38462829348436184,-0.3860333039173277,-0.4914728551491368
2026-01-01 00:06:40,-0.3772982537628451,0.40136072361702435,-0.36215770709235234,-0.5061681751539305
2026-01-01 00:06:41,-0.41860621361768535,0.4778644138849516,-0.3779163772134897,-0.5705582403418481
2026-01-01 00:06:42,-0.35881294845065465,0.435161543426195,-0.3317646616889515,-0.45956472212746036
2026-01-01 00:06:43,-0.5091171956181139,0.48049865777529127,-0.2811579760036793,-0.5566173185831342
2026-01-01 00:06:44,-0.663602669737562,0.4778103121953163,-0.28768754793045975,-0.73248187046981
2026-01-01 00:06:45,-0.6524435777360635,0.5014740851486259,-0.21308176449224916,-0.6946755623634508
2026-01-01 00:06:46,-0.6573546703148954,0.58886065851157,-0.20796780181398725,-0.6865342693115123
2026-01-01 00:06:47,-0.631452960853523,0.6080665788084533,-0.1661558209735901,-0.6624916640213897
2026-01-01 00:06:48,-0.8102729648012472,0.628212065855585,-0.07945228199103241,-0.7811633334637501
2026-01-01 00:06:49,-0.8182268823094949,0.693509956051704,-0.07932482372640931,-0.7721031610298287
2026-01-01 00:06:50,-0.8998717599143137,0.6165760791761419,-0.037183847401184106,-0.7336381899980997
2026-01-01 00:06:51,-0.9037307822535323,0.6531502074033905,0.004460888448877952,-0.7990828146705173
2026-01-01 00:06:52,-0.881690218444371,0.70980066015755,0.12568284887227554,-0.7379463449995496
2026-01-01 00:06:53,-0.868661200875125,0.7342680347920817,0.12397416827998645,-0.7853481801900127
2026-01-01 00:06:54,-0.969129925047212,0.7365033645030172,0.13916287131627414,-0.871437998948019
2026-01-01 00:06:55,-0.9355812346688789,0.7395075072542783,0.1722747033524241,-0.7785290035720198
2026-01-01 00:06:56,-1.0028560242331135,0.797514777470186,0.18412466271480837,-0.8556593079523125
2026-01-01 00:06:57,-0.983703728446144,0.8020994566361873,0.24524580914016653,-0.8082365225845104
2026-01-01 00:06:58,-1.0416490841696762,0.808914228740821,0.32331502989695726,-0.8337984266865671
2026-01-01 00:06:59,-0.9203548984593724,0.8703800561624918,0.30235001146433843,-0.7174111921125557
